step	accuracy
0	0.616431474685669
1	0.6381048560142517
2	0.6597782373428345
3	0.7001007795333862
4	0.6905242204666138
5	0.710181474685669
6	0.7061492204666138
7	0.7263104915618896
8	0.7389112710952759
9	0.7358871102333069
