step	accuracy
0	0.6043346524238586
1	0.5972782373428345
2	0.6678427457809448
3	0.6713709831237793
4	0.671875
5	0.711693525314331
6	0.7127016186714172
7	0.742943525314331
8	0.7278226017951965
9	0.7444556355476379
