step	loss
0	0.642928421497345
1	0.6330718398094177
2	0.6202578544616699
3	0.6046120524406433
4	0.5891045331954956
5	0.5623616576194763
6	0.5747735500335693
7	0.5562663078308105
8	0.5385756492614746
9	0.5337188839912415
