step	loss
0	0.6569176316261292
1	0.6506391167640686
2	0.5973187685012817
3	0.6071850061416626
4	0.5931033492088318
5	0.5626664161682129
6	0.5527418851852417
7	0.530418872833252
8	0.5246831774711609
9	0.5207594037055969
