step	accuracy
0	0.5573750138282776
1	0.6177499890327454
2	0.6401249766349792
3	0.6496250033378601
4	0.6589999794960022
5	0.6758750081062317
6	0.6803749799728394
7	0.6867499947547913
8	0.7070000171661377
9	0.7045000195503235
