step	loss
0	0.6883002519607544
1	0.6521967649459839
2	0.6312559843063354
3	0.6218485832214355
4	0.6065617799758911
5	0.6090274453163147
6	0.5920430421829224
7	0.5889266133308411
8	0.5796424150466919
9	0.5671581029891968
